CBSA Name,year,value,date
"Fresno, CA",1997,0.0,1997-01-01
"Orlando-Kissimmee-Sanford, FL",1997,0.0,1997-01-01
"Raleigh, NC",1997,0.0,1997-01-01
"Jacksonville, FL",1997,0.0,1997-01-01
"Nashville-Davidson--Murfreesboro--Franklin, TN",1997,0.0,1997-01-01
"Charlotte-Concord-Gastonia, NC-SC",1997,0.0,1997-01-01
"San Antonio-New Braunfels, TX",1997,0.0,1997-01-01
"Dallas-Fort Worth-Arlington, TX",1997,0.0,1997-01-01
"Grand Rapids-Wyoming, MI",1997,0.0,1997-01-01
"Tampa-St. Petersburg-Clearwater, FL",1997,0.0,1997-01-01
"Atlanta-Sandy Springs-Roswell, GA",1997,0.0,1997-01-01
"Seattle-Tacoma-Bellevue, WA",1997,0.0,1997-01-01
"Salt Lake City, UT",1997,0.0,1997-01-01
"Oklahoma City, OK",1997,0.0,1997-01-01
"Columbus, OH",1997,0.0,1997-01-01
"Portland-Vancouver-Hillsboro, OR-WA",1997,0.0,1997-01-01
"Louisville/Jefferson County, KY-IN",1997,0.0,1997-01-01
"Kansas City, MO-KS",1997,0.0,1997-01-01
"Minneapolis-St. Paul-Bloomington, MN-WI",1997,0.0,1997-01-01
"Tulsa, OK",1997,0.0,1997-01-01
"Richmond, VA",1997,0.0,1997-01-01
"Washington-Arlington-Alexandria, DC-VA-MD-WV",1997,0.0,1997-01-01
"Riverside-San Bernardino-Ontario, CA",1997,0.0,1997-01-01
"Miami-Fort Lauderdale-West Palm Beach, FL",1997,0.0,1997-01-01
"Cincinnati, OH-KY-IN",1997,0.0,1997-01-01
"Boston-Cambridge-Newton, MA-NH",1997,0.0,1997-01-01
"Tucson, AZ",1997,0.0,1997-01-01
"Providence-Warwick, RI-MA",1997,0.0,1997-01-01
"Philadelphia-Camden-Wilmington, PA-NJ-DE-MD",1997,0.0,1997-01-01
"San Jose-Sunnyvale-Santa Clara, CA",1997,0.0,1997-01-01
"Pittsburgh, PA",1997,0.0,1997-01-01
"Baltimore-Columbia-Towson, MD",1997,0.0,1997-01-01
"Urban Honolulu, HI",1997,0.0,1997-01-01
"Detroit-Warren-Dearborn, MI",1997,0.0,1997-01-01
"St. Louis, MO-IL",1997,0.0,1997-01-01
"Memphis, TN-MS-AR",1997,0.0,1997-01-01
"Los Angeles-Long Beach-Anaheim, CA",1997,0.0,1997-01-01
"New York-Newark-Jersey City, NY-NJ-PA",1997,0.0,1997-01-01
"Chicago-Naperville-Elgin, IL-IN-WI",1997,0.0,1997-01-01
"Rochester, NY",1997,0.0,1997-01-01
"Hartford-West Hartford-East Hartford, CT",1997,0.0,1997-01-01
"Fresno, CA",1998,0.0,1998-01-01
"Orlando-Kissimmee-Sanford, FL",1998,0.0,1998-01-01
"Raleigh, NC",1998,0.0,1998-01-01
"Jacksonville, FL",1998,0.0,1998-01-01
"Nashville-Davidson--Murfreesboro--Franklin, TN",1998,0.0,1998-01-01
"Charlotte-Concord-Gastonia, NC-SC",1998,0.0,1998-01-01
"San Antonio-New Braunfels, TX",1998,0.0,1998-01-01
"Dallas-Fort Worth-Arlington, TX",1998,0.0,1998-01-01
"Grand Rapids-Wyoming, MI",1998,0.0,1998-01-01
"Tampa-St. Petersburg-Clearwater, FL",1998,0.0,1998-01-01
"Atlanta-Sandy Springs-Roswell, GA",1998,0.0,1998-01-01
"Seattle-Tacoma-Bellevue, WA",1998,0.0,1998-01-01
"Salt Lake City, UT",1998,0.0,1998-01-01
"Oklahoma City, OK",1998,0.0,1998-01-01
"Columbus, OH",1998,0.0,1998-01-01
"Portland-Vancouver-Hillsboro, OR-WA",1998,0.0,1998-01-01
"Louisville/Jefferson County, KY-IN",1998,0.0,1998-01-01
"Kansas City, MO-KS",1998,0.0,1998-01-01
"Minneapolis-St. Paul-Bloomington, MN-WI",1998,0.0,1998-01-01
"Tulsa, OK",1998,0.0,1998-01-01
"Richmond, VA",1998,0.0,1998-01-01
"Washington-Arlington-Alexandria, DC-VA-MD-WV",1998,0.0,1998-01-01
"Riverside-San Bernardino-Ontario, CA",1998,0.0,1998-01-01
"Miami-Fort Lauderdale-West Palm Beach, FL",1998,0.0,1998-01-01
"Cincinnati, OH-KY-IN",1998,0.0,1998-01-01
"Boston-Cambridge-Newton, MA-NH",1998,0.0,1998-01-01
"Tucson, AZ",1998,0.0,1998-01-01
"Providence-Warwick, RI-MA",1998,0.0,1998-01-01
"Philadelphia-Camden-Wilmington, PA-NJ-DE-MD",1998,0.0,1998-01-01
"San Jose-Sunnyvale-Santa Clara, CA",1998,0.0,1998-01-01
"Pittsburgh, PA",1998,0.0,1998-01-01
"Baltimore-Columbia-Towson, MD",1998,0.0,1998-01-01
"Urban Honolulu, HI",1998,0.0,1998-01-01
"Detroit-Warren-Dearborn, MI",1998,0.0,1998-01-01
"St. Louis, MO-IL",1998,0.0,1998-01-01
"Memphis, TN-MS-AR",1998,0.0,1998-01-01
"Los Angeles-Long Beach-Anaheim, CA",1998,0.0,1998-01-01
"New York-Newark-Jersey City, NY-NJ-PA",1998,0.0,1998-01-01
"Chicago-Naperville-Elgin, IL-IN-WI",1998,0.0,1998-01-01
"Rochester, NY",1998,0.0,1998-01-01
"Hartford-West Hartford-East Hartford, CT",1998,0.0,1998-01-01
"Fresno, CA",1999,76.20050215208033,1999-01-01
"Orlando-Kissimmee-Sanford, FL",1999,50.54138982997679,1999-01-01
"Raleigh, NC",1999,61.63406940063091,1999-01-01
"Jacksonville, FL",1999,53.388784494792226,1999-01-01
"Nashville-Davidson--Murfreesboro--Franklin, TN",1999,64.78731428781644,1999-01-01
"Charlotte-Concord-Gastonia, NC-SC",1999,61.26374533947549,1999-01-01
"San Antonio-New Braunfels, TX",1999,57.042857142857144,1999-01-01
"Dallas-Fort Worth-Arlington, TX",1999,55.182664986479395,1999-01-01
"Grand Rapids-Wyoming, MI",1999,54.31076741041244,1999-01-01
"Tampa-St. Petersburg-Clearwater, FL",1999,54.4044638980135,1999-01-01
"Atlanta-Sandy Springs-Roswell, GA",1999,71.97194479720125,1999-01-01
"Seattle-Tacoma-Bellevue, WA",1999,46.162445333176514,1999-01-01
"Salt Lake City, UT",1999,44.391320061580934,1999-01-01
"Oklahoma City, OK",1999,45.69660898755445,1999-01-01
"Columbus, OH",1999,65.97367907756954,1999-01-01
"Portland-Vancouver-Hillsboro, OR-WA",1999,41.090617266377215,1999-01-01
"Louisville/Jefferson County, KY-IN",1999,62.22932722471184,1999-01-01
"Kansas City, MO-KS",1999,54.36097128803653,1999-01-01
"Minneapolis-St. Paul-Bloomington, MN-WI",1999,46.187986845119184,1999-01-01
"Tulsa, OK",1999,51.60079051383399,1999-01-01
"Richmond, VA",1999,58.09637248850223,1999-01-01
"Washington-Arlington-Alexandria, DC-VA-MD-WV",1999,57.97666392803023,1999-01-01
"Riverside-San Bernardino-Ontario, CA",1999,72.11101794914887,1999-01-01
"Miami-Fort Lauderdale-West Palm Beach, FL",1999,46.092051682927064,1999-01-01
"Cincinnati, OH-KY-IN",1999,66.0456095103646,1999-01-01
"Boston-Cambridge-Newton, MA-NH",1999,53.01512076547996,1999-01-01
"Tucson, AZ",1999,44.14495072080024,1999-01-01
"Providence-Warwick, RI-MA",1999,45.40737841288791,1999-01-01
"Philadelphia-Camden-Wilmington, PA-NJ-DE-MD",1999,56.26613405070905,1999-01-01
"San Jose-Sunnyvale-Santa Clara, CA",1999,70.09502923976609,1999-01-01
"Pittsburgh, PA",1999,62.613115431535824,1999-01-01
"Baltimore-Columbia-Towson, MD",1999,62.82492492335001,1999-01-01
"Urban Honolulu, HI",1999,24.14239866821077,1999-01-01
"Detroit-Warren-Dearborn, MI",1999,59.202340453014486,1999-01-01
"St. Louis, MO-IL",1999,63.3639648047917,1999-01-01
"Memphis, TN-MS-AR",1999,61.513342520671515,1999-01-01
"Los Angeles-Long Beach-Anaheim, CA",1999,72.39943929891028,1999-01-01
"New York-Newark-Jersey City, NY-NJ-PA",1999,57.06306056675625,1999-01-01
"Chicago-Naperville-Elgin, IL-IN-WI",1999,61.90611060458205,1999-01-01
"Rochester, NY",1999,0.0,1999-01-01
"Hartford-West Hartford-East Hartford, CT",1999,47.77232142857143,1999-01-01
"Fresno, CA",2000,71.53933158747974,2000-01-01
"Orlando-Kissimmee-Sanford, FL",2000,51.948453794622914,2000-01-01
"Raleigh, NC",2000,62.32673267326733,2000-01-01
"Jacksonville, FL",2000,53.3267789718269,2000-01-01
"Nashville-Davidson--Murfreesboro--Franklin, TN",2000,62.105621818855965,2000-01-01
"Charlotte-Concord-Gastonia, NC-SC",2000,62.805687892354555,2000-01-01
"San Antonio-New Braunfels, TX",2000,47.3119315141787,2000-01-01
"Dallas-Fort Worth-Arlington, TX",2000,55.06932416924544,2000-01-01
"Grand Rapids-Wyoming, MI",2000,54.46169296987088,2000-01-01
"Tampa-St. Petersburg-Clearwater, FL",2000,54.48879516760859,2000-01-01
"Atlanta-Sandy Springs-Roswell, GA",2000,68.5266729208041,2000-01-01
"Seattle-Tacoma-Bellevue, WA",2000,49.31335702721752,2000-01-01
"Salt Lake City, UT",2000,46.34484057467321,2000-01-01
"Oklahoma City, OK",2000,47.88918481060074,2000-01-01
"Columbus, OH",2000,65.64501092462824,2000-01-01
"Portland-Vancouver-Hillsboro, OR-WA",2000,42.21174658195509,2000-01-01
"Louisville/Jefferson County, KY-IN",2000,64.17944933274808,2000-01-01
"Kansas City, MO-KS",2000,53.02562695830015,2000-01-01
"Minneapolis-St. Paul-Bloomington, MN-WI",2000,50.160010487865485,2000-01-01
"Tulsa, OK",2000,50.08943089430895,2000-01-01
"Richmond, VA",2000,59.39129292760555,2000-01-01
"Washington-Arlington-Alexandria, DC-VA-MD-WV",2000,59.68980436314515,2000-01-01
"Riverside-San Bernardino-Ontario, CA",2000,67.18865223132268,2000-01-01
"Miami-Fort Lauderdale-West Palm Beach, FL",2000,46.63867032462701,2000-01-01
"Cincinnati, OH-KY-IN",2000,66.42920185254188,2000-01-01
"Boston-Cambridge-Newton, MA-NH",2000,51.27476927343632,2000-01-01
"Tucson, AZ",2000,38.71731716559303,2000-01-01
"Providence-Warwick, RI-MA",2000,45.94890728772683,2000-01-01
"Philadelphia-Camden-Wilmington, PA-NJ-DE-MD",2000,59.10870483254192,2000-01-01
"San Jose-Sunnyvale-Santa Clara, CA",2000,60.9214977289027,2000-01-01
"Pittsburgh, PA",2000,60.804772004794955,2000-01-01
"Baltimore-Columbia-Towson, MD",2000,61.40206588481076,2000-01-01
"Urban Honolulu, HI",2000,22.75579507811897,2000-01-01
"Detroit-Warren-Dearborn, MI",2000,60.97408267011201,2000-01-01
"St. Louis, MO-IL",2000,63.16214561643124,2000-01-01
"Memphis, TN-MS-AR",2000,58.817803030303025,2000-01-01
"Los Angeles-Long Beach-Anaheim, CA",2000,68.35966124733284,2000-01-01
"New York-Newark-Jersey City, NY-NJ-PA",2000,57.74036113028188,2000-01-01
"Chicago-Naperville-Elgin, IL-IN-WI",2000,61.029116560461944,2000-01-01
"Rochester, NY",2000,0.0,2000-01-01
"Hartford-West Hartford-East Hartford, CT",2000,47.238255033557046,2000-01-01
"Fresno, CA",2001,70.66106014231457,2001-01-01
"Orlando-Kissimmee-Sanford, FL",2001,48.72720535334057,2001-01-01
"Raleigh, NC",2001,58.394299287410924,2001-01-01
"Jacksonville, FL",2001,50.479709636115814,2001-01-01
"Nashville-Davidson--Murfreesboro--Franklin, TN",2001,57.14338717020079,2001-01-01
"Charlotte-Concord-Gastonia, NC-SC",2001,58.738355724165814,2001-01-01
"San Antonio-New Braunfels, TX",2001,42.81622438691945,2001-01-01
"Dallas-Fort Worth-Arlington, TX",2001,54.474683126189696,2001-01-01
"Grand Rapids-Wyoming, MI",2001,56.27313809802121,2001-01-01
"Tampa-St. Petersburg-Clearwater, FL",2001,51.58359287618096,2001-01-01
"Atlanta-Sandy Springs-Roswell, GA",2001,64.35880927855389,2001-01-01
"Seattle-Tacoma-Bellevue, WA",2001,46.22154524782161,2001-01-01
"Salt Lake City, UT",2001,47.3804147276972,2001-01-01
"Oklahoma City, OK",2001,46.41199065887612,2001-01-01
"Columbus, OH",2001,64.536280118959,2001-01-01
"Portland-Vancouver-Hillsboro, OR-WA",2001,39.34911382692259,2001-01-01
"Louisville/Jefferson County, KY-IN",2001,64.26386094864581,2001-01-01
"Kansas City, MO-KS",2001,53.83976193203086,2001-01-01
"Minneapolis-St. Paul-Bloomington, MN-WI",2001,47.87098138619577,2001-01-01
"Tulsa, OK",2001,48.63827037264537,2001-01-01
"Richmond, VA",2001,56.31670625137359,2001-01-01
"Washington-Arlington-Alexandria, DC-VA-MD-WV",2001,58.8381444086509,2001-01-01
"Riverside-San Bernardino-Ontario, CA",2001,69.87066526220268,2001-01-01
"Miami-Fort Lauderdale-West Palm Beach, FL",2001,39.636587164320986,2001-01-01
"Cincinnati, OH-KY-IN",2001,62.43113421718618,2001-01-01
"Boston-Cambridge-Newton, MA-NH",2001,53.423983928956666,2001-01-01
"Tucson, AZ",2001,39.12187462969546,2001-01-01
"Providence-Warwick, RI-MA",2001,48.84081482887144,2001-01-01
"Philadelphia-Camden-Wilmington, PA-NJ-DE-MD",2001,59.042864874691944,2001-01-01
"San Jose-Sunnyvale-Santa Clara, CA",2001,55.87427802251591,2001-01-01
"Pittsburgh, PA",2001,62.69409754513577,2001-01-01
"Baltimore-Columbia-Towson, MD",2001,60.35426059515782,2001-01-01
"Urban Honolulu, HI",2001,24.207282965257598,2001-01-01
"Detroit-Warren-Dearborn, MI",2001,61.26289401319056,2001-01-01
"St. Louis, MO-IL",2001,60.783062753644366,2001-01-01
"Memphis, TN-MS-AR",2001,54.65859173126615,2001-01-01
"Los Angeles-Long Beach-Anaheim, CA",2001,69.31749821427437,2001-01-01
"New York-Newark-Jersey City, NY-NJ-PA",2001,56.30278178640061,2001-01-01
"Chicago-Naperville-Elgin, IL-IN-WI",2001,61.541238767899294,2001-01-01
"Rochester, NY",2001,0.0,2001-01-01
"Hartford-West Hartford-East Hartford, CT",2001,51.39938080495356,2001-01-01
"Fresno, CA",2002,72.4013808057203,2002-01-01
"Orlando-Kissimmee-Sanford, FL",2002,45.19906013223626,2002-01-01
"Raleigh, NC",2002,57.10436893203884,2002-01-01
"Jacksonville, FL",2002,45.97670685393365,2002-01-01
"Nashville-Davidson--Murfreesboro--Franklin, TN",2002,54.77426924018789,2002-01-01
"Charlotte-Concord-Gastonia, NC-SC",2002,58.356246201425655,2002-01-01
"San Antonio-New Braunfels, TX",2002,44.29463915546324,2002-01-01
"Dallas-Fort Worth-Arlington, TX",2002,53.819476247276235,2002-01-01
"Grand Rapids-Wyoming, MI",2002,54.85224760501105,2002-01-01
"Tampa-St. Petersburg-Clearwater, FL",2002,49.90826523167805,2002-01-01
"Atlanta-Sandy Springs-Roswell, GA",2002,61.345566662706084,2002-01-01
"Seattle-Tacoma-Bellevue, WA",2002,43.382620803665766,2002-01-01
"Salt Lake City, UT",2002,51.33061784499571,2002-01-01
"Oklahoma City, OK",2002,44.82603285056162,2002-01-01
"Columbus, OH",2002,62.51392517726048,2002-01-01
"Portland-Vancouver-Hillsboro, OR-WA",2002,39.09365410446261,2002-01-01
"Louisville/Jefferson County, KY-IN",2002,62.076459575708974,2002-01-01
"Kansas City, MO-KS",2002,53.733197090473574,2002-01-01
"Minneapolis-St. Paul-Bloomington, MN-WI",2002,46.669031626418146,2002-01-01
"Tulsa, OK",2002,45.207261539828515,2002-01-01
"Richmond, VA",2002,56.16998031677363,2002-01-01
"Washington-Arlington-Alexandria, DC-VA-MD-WV",2002,58.18378020677223,2002-01-01
"Riverside-San Bernardino-Ontario, CA",2002,68.91911286584678,2002-01-01
"Miami-Fort Lauderdale-West Palm Beach, FL",2002,40.33221536783987,2002-01-01
"Cincinnati, OH-KY-IN",2002,62.300452262570744,2002-01-01
"Boston-Cambridge-Newton, MA-NH",2002,49.144801312582054,2002-01-01
"Tucson, AZ",2002,34.18320630211264,2002-01-01
"Providence-Warwick, RI-MA",2002,45.41663570778653,2002-01-01
"Philadelphia-Camden-Wilmington, PA-NJ-DE-MD",2002,57.52546869909336,2002-01-01
"San Jose-Sunnyvale-Santa Clara, CA",2002,58.16112817017095,2002-01-01
"Pittsburgh, PA",2002,59.64953037579583,2002-01-01
"Baltimore-Columbia-Towson, MD",2002,59.1293129954895,2002-01-01
"Urban Honolulu, HI",2002,23.00019808027636,2002-01-01
"Detroit-Warren-Dearborn, MI",2002,60.05820194964799,2002-01-01
"St. Louis, MO-IL",2002,61.278574722321814,2002-01-01
"Memphis, TN-MS-AR",2002,54.05301888556023,2002-01-01
"Los Angeles-Long Beach-Anaheim, CA",2002,69.01384695897036,2002-01-01
"New York-Newark-Jersey City, NY-NJ-PA",2002,55.60405830436641,2002-01-01
"Chicago-Naperville-Elgin, IL-IN-WI",2002,59.30071096156327,2002-01-01
"Rochester, NY",2002,0.0,2002-01-01
"Hartford-West Hartford-East Hartford, CT",2002,50.0135593220339,2002-01-01
"Fresno, CA",2003,69.14413629975526,2003-01-01
"Orlando-Kissimmee-Sanford, FL",2003,45.395542900355736,2003-01-01
"Raleigh, NC",2003,57.175308641975306,2003-01-01
"Jacksonville, FL",2003,46.61945093457944,2003-01-01
"Nashville-Davidson--Murfreesboro--Franklin, TN",2003,57.87834532382243,2003-01-01
"Charlotte-Concord-Gastonia, NC-SC",2003,57.66566085947249,2003-01-01
"San Antonio-New Braunfels, TX",2003,43.42729360105574,2003-01-01
"Dallas-Fort Worth-Arlington, TX",2003,54.75509249392658,2003-01-01
"Grand Rapids-Wyoming, MI",2003,54.19919871794872,2003-01-01
"Tampa-St. Petersburg-Clearwater, FL",2003,47.45193185366871,2003-01-01
"Atlanta-Sandy Springs-Roswell, GA",2003,61.938421081577935,2003-01-01
"Seattle-Tacoma-Bellevue, WA",2003,42.10276562177413,2003-01-01
"Salt Lake City, UT",2003,43.181813271650384,2003-01-01
"Oklahoma City, OK",2003,47.09646448679511,2003-01-01
"Columbus, OH",2003,61.62049813407532,2003-01-01
"Portland-Vancouver-Hillsboro, OR-WA",2003,38.043603747121814,2003-01-01
"Louisville/Jefferson County, KY-IN",2003,61.151728231188,2003-01-01
"Kansas City, MO-KS",2003,53.13503423329384,2003-01-01
"Minneapolis-St. Paul-Bloomington, MN-WI",2003,45.342046777896876,2003-01-01
"Tulsa, OK",2003,47.29974510300389,2003-01-01
"Richmond, VA",2003,55.260047117718,2003-01-01
"Washington-Arlington-Alexandria, DC-VA-MD-WV",2003,55.32603842352166,2003-01-01
"Riverside-San Bernardino-Ontario, CA",2003,64.26396084563339,2003-01-01
"Miami-Fort Lauderdale-West Palm Beach, FL",2003,40.143954575783305,2003-01-01
"Cincinnati, OH-KY-IN",2003,61.640908029168145,2003-01-01
"Boston-Cambridge-Newton, MA-NH",2003,48.301866368970416,2003-01-01
"Tucson, AZ",2003,34.84868455326908,2003-01-01
"Providence-Warwick, RI-MA",2003,48.00474231114152,2003-01-01
"Philadelphia-Camden-Wilmington, PA-NJ-DE-MD",2003,57.06404446391997,2003-01-01
"San Jose-Sunnyvale-Santa Clara, CA",2003,52.137928408225434,2003-01-01
"Pittsburgh, PA",2003,59.4779793653721,2003-01-01
"Baltimore-Columbia-Towson, MD",2003,57.38226380510506,2003-01-01
"Urban Honolulu, HI",2003,24.238941162951313,2003-01-01
"Detroit-Warren-Dearborn, MI",2003,60.20462913839276,2003-01-01
"St. Louis, MO-IL",2003,58.883230950197486,2003-01-01
"Memphis, TN-MS-AR",2003,54.20581319058656,2003-01-01
"Los Angeles-Long Beach-Anaheim, CA",2003,65.29910773860944,2003-01-01
"New York-Newark-Jersey City, NY-NJ-PA",2003,55.35710431995743,2003-01-01
"Chicago-Naperville-Elgin, IL-IN-WI",2003,58.109288179378396,2003-01-01
"Rochester, NY",2003,0.0,2003-01-01
"Hartford-West Hartford-East Hartford, CT",2003,50.57396449704142,2003-01-01
"Fresno, CA",2004,65.47334428024082,2004-01-01
"Orlando-Kissimmee-Sanford, FL",2004,48.01709648856721,2004-01-01
"Raleigh, NC",2004,55.7840616966581,2004-01-01
"Jacksonville, FL",2004,49.43320483551031,2004-01-01
"Nashville-Davidson--Murfreesboro--Franklin, TN",2004,54.74616357686541,2004-01-01
"Charlotte-Concord-Gastonia, NC-SC",2004,58.858566741052954,2004-01-01
"San Antonio-New Braunfels, TX",2004,0.0,2004-01-01
"Dallas-Fort Worth-Arlington, TX",2004,53.0564319448947,2004-01-01
"Grand Rapids-Wyoming, MI",2004,49.16735594154949,2004-01-01
"Tampa-St. Petersburg-Clearwater, FL",2004,50.129347195434036,2004-01-01
"Atlanta-Sandy Springs-Roswell, GA",2004,62.29468112082601,2004-01-01
"Seattle-Tacoma-Bellevue, WA",2004,40.341716917542854,2004-01-01
"Salt Lake City, UT",2004,55.058706739526414,2004-01-01
"Oklahoma City, OK",2004,44.83384726764724,2004-01-01
"Columbus, OH",2004,58.49232794678804,2004-01-01
"Portland-Vancouver-Hillsboro, OR-WA",2004,40.385789534050225,2004-01-01
"Louisville/Jefferson County, KY-IN",2004,57.78809229293859,2004-01-01
"Kansas City, MO-KS",2004,51.61540562372391,2004-01-01
"Minneapolis-St. Paul-Bloomington, MN-WI",2004,40.76147347190753,2004-01-01
"Tulsa, OK",2004,48.4758854063999,2004-01-01
"Richmond, VA",2004,54.48575954634583,2004-01-01
"Washington-Arlington-Alexandria, DC-VA-MD-WV",2004,55.29835664159255,2004-01-01
"Riverside-San Bernardino-Ontario, CA",2004,60.97461689685983,2004-01-01
"Miami-Fort Lauderdale-West Palm Beach, FL",2004,42.23375458222588,2004-01-01
"Cincinnati, OH-KY-IN",2004,59.329370085298166,2004-01-01
"Boston-Cambridge-Newton, MA-NH",2004,49.37600259795716,2004-01-01
"Tucson, AZ",2004,31.09200385356455,2004-01-01
"Providence-Warwick, RI-MA",2004,47.65419107801896,2004-01-01
"Philadelphia-Camden-Wilmington, PA-NJ-DE-MD",2004,54.79161904463954,2004-01-01
"San Jose-Sunnyvale-Santa Clara, CA",2004,53.4606253875454,2004-01-01
"Pittsburgh, PA",2004,59.69407232665898,2004-01-01
"Baltimore-Columbia-Towson, MD",2004,58.14523363246286,2004-01-01
"Urban Honolulu, HI",2004,21.292307037963482,2004-01-01
"Detroit-Warren-Dearborn, MI",2004,58.32433041680681,2004-01-01
"St. Louis, MO-IL",2004,56.307124218197494,2004-01-01
"Memphis, TN-MS-AR",2004,52.99875693335009,2004-01-01
"Los Angeles-Long Beach-Anaheim, CA",2004,62.783797324782604,2004-01-01
"New York-Newark-Jersey City, NY-NJ-PA",2004,53.32261933987005,2004-01-01
"Chicago-Naperville-Elgin, IL-IN-WI",2004,55.06467017518527,2004-01-01
"Rochester, NY",2004,45.729166666666664,2004-01-01
"Hartford-West Hartford-East Hartford, CT",2004,48.032738095238095,2004-01-01
"Fresno, CA",2005,64.62354595834339,2005-01-01
"Orlando-Kissimmee-Sanford, FL",2005,46.500218188728496,2005-01-01
"Raleigh, NC",2005,55.6554054054054,2005-01-01
"Jacksonville, FL",2005,47.68546919158857,2005-01-01
"Nashville-Davidson--Murfreesboro--Franklin, TN",2005,58.529526545098605,2005-01-01
"Charlotte-Concord-Gastonia, NC-SC",2005,59.90574029722427,2005-01-01
"San Antonio-New Braunfels, TX",2005,0.0,2005-01-01
"Dallas-Fort Worth-Arlington, TX",2005,55.05470496670077,2005-01-01
"Grand Rapids-Wyoming, MI",2005,55.227964743589745,2005-01-01
"Tampa-St. Petersburg-Clearwater, FL",2005,49.25202833118474,2005-01-01
"Atlanta-Sandy Springs-Roswell, GA",2005,62.427995094777344,2005-01-01
"Seattle-Tacoma-Bellevue, WA",2005,44.47068959434418,2005-01-01
"Salt Lake City, UT",2005,46.6575797106593,2005-01-01
"Oklahoma City, OK",2005,47.678718985417106,2005-01-01
"Columbus, OH",2005,61.464032118268484,2005-01-01
"Portland-Vancouver-Hillsboro, OR-WA",2005,43.45059608164619,2005-01-01
"Louisville/Jefferson County, KY-IN",2005,64.35640835198002,2005-01-01
"Kansas City, MO-KS",2005,53.67073178156478,2005-01-01
"Minneapolis-St. Paul-Bloomington, MN-WI",2005,45.29310485730213,2005-01-01
"Tulsa, OK",2005,52.647230320699705,2005-01-01
"Richmond, VA",2005,56.459481238663,2005-01-01
"Washington-Arlington-Alexandria, DC-VA-MD-WV",2005,57.75009941629719,2005-01-01
"Riverside-San Bernardino-Ontario, CA",2005,58.05943482689903,2005-01-01
"Miami-Fort Lauderdale-West Palm Beach, FL",2005,42.1274797883541,2005-01-01
"Cincinnati, OH-KY-IN",2005,65.33044761776573,2005-01-01
"Boston-Cambridge-Newton, MA-NH",2005,48.274409731775805,2005-01-01
"Tucson, AZ",2005,33.499626567084555,2005-01-01
"Providence-Warwick, RI-MA",2005,47.55770185653099,2005-01-01
"Philadelphia-Camden-Wilmington, PA-NJ-DE-MD",2005,57.277660837912016,2005-01-01
"San Jose-Sunnyvale-Santa Clara, CA",2005,52.55958348523514,2005-01-01
"Pittsburgh, PA",2005,62.271141109111184,2005-01-01
"Baltimore-Columbia-Towson, MD",2005,59.49971023365484,2005-01-01
"Urban Honolulu, HI",2005,23.19122130104995,2005-01-01
"Detroit-Warren-Dearborn, MI",2005,60.539364821842426,2005-01-01
"St. Louis, MO-IL",2005,62.49675075785668,2005-01-01
"Memphis, TN-MS-AR",2005,56.76272832931214,2005-01-01
"Los Angeles-Long Beach-Anaheim, CA",2005,60.4277106539555,2005-01-01
"New York-Newark-Jersey City, NY-NJ-PA",2005,57.10631370807744,2005-01-01
"Chicago-Naperville-Elgin, IL-IN-WI",2005,60.733486122466886,2005-01-01
"Rochester, NY",2005,51.28181818181818,2005-01-01
"Hartford-West Hartford-East Hartford, CT",2005,49.48717948717949,2005-01-01
"Fresno, CA",2006,66.29642008318478,2006-01-01
"Orlando-Kissimmee-Sanford, FL",2006,45.18859099563909,2006-01-01
"Raleigh, NC",2006,56.5109649122807,2006-01-01
"Jacksonville, FL",2006,46.9555645308785,2006-01-01
"Nashville-Davidson--Murfreesboro--Franklin, TN",2006,56.888914243329346,2006-01-01
"Charlotte-Concord-Gastonia, NC-SC",2006,58.503773109243696,2006-01-01
"San Antonio-New Braunfels, TX",2006,0.0,2006-01-01
"Dallas-Fort Worth-Arlington, TX",2006,50.61206075825661,2006-01-01
"Grand Rapids-Wyoming, MI",2006,51.79629845526085,2006-01-01
"Tampa-St. Petersburg-Clearwater, FL",2006,46.96606154337217,2006-01-01
"Atlanta-Sandy Springs-Roswell, GA",2006,61.672588639452044,2006-01-01
"Seattle-Tacoma-Bellevue, WA",2006,41.777240175421305,2006-01-01
"Salt Lake City, UT",2006,43.594701898505015,2006-01-01
"Oklahoma City, OK",2006,43.460973148442186,2006-01-01
"Columbus, OH",2006,54.98500153045607,2006-01-01
"Portland-Vancouver-Hillsboro, OR-WA",2006,45.839285714285715,2006-01-01
"Louisville/Jefferson County, KY-IN",2006,58.46264586831031,2006-01-01
"Kansas City, MO-KS",2006,50.08785803936735,2006-01-01
"Minneapolis-St. Paul-Bloomington, MN-WI",2006,43.648129609173836,2006-01-01
"Tulsa, OK",2006,49.47942927170868,2006-01-01
"Richmond, VA",2006,53.94619671479063,2006-01-01
"Washington-Arlington-Alexandria, DC-VA-MD-WV",2006,53.38148551977537,2006-01-01
"Riverside-San Bernardino-Ontario, CA",2006,58.84503725431297,2006-01-01
"Miami-Fort Lauderdale-West Palm Beach, FL",2006,40.15751539294052,2006-01-01
"Cincinnati, OH-KY-IN",2006,57.522165602693185,2006-01-01
"Boston-Cambridge-Newton, MA-NH",2006,42.65209240545583,2006-01-01
"Tucson, AZ",2006,31.69320250355335,2006-01-01
"Providence-Warwick, RI-MA",2006,43.05547993012596,2006-01-01
"Philadelphia-Camden-Wilmington, PA-NJ-DE-MD",2006,53.20003467027657,2006-01-01
"San Jose-Sunnyvale-Santa Clara, CA",2006,48.73345248107654,2006-01-01
"Pittsburgh, PA",2006,57.15503939875753,2006-01-01
"Baltimore-Columbia-Towson, MD",2006,55.58422388150117,2006-01-01
"Urban Honolulu, HI",2006,21.807080979746527,2006-01-01
"Detroit-Warren-Dearborn, MI",2006,53.7558326447861,2006-01-01
"St. Louis, MO-IL",2006,56.48519900753278,2006-01-01
"Memphis, TN-MS-AR",2006,54.84949501893111,2006-01-01
"Los Angeles-Long Beach-Anaheim, CA",2006,56.959251045481125,2006-01-01
"New York-Newark-Jersey City, NY-NJ-PA",2006,50.8716934094224,2006-01-01
"Chicago-Naperville-Elgin, IL-IN-WI",2006,54.56567972141234,2006-01-01
"Rochester, NY",2006,42.96638655462185,2006-01-01
"Hartford-West Hartford-East Hartford, CT",2006,46.08923076923077,2006-01-01
"Fresno, CA",2007,66.0266573540539,2007-01-01
"Orlando-Kissimmee-Sanford, FL",2007,43.633135548937844,2007-01-01
"Raleigh, NC",2007,55.62244897959184,2007-01-01
"Jacksonville, FL",2007,46.512835310956184,2007-01-01
"Nashville-Davidson--Murfreesboro--Franklin, TN",2007,55.53804508610174,2007-01-01
"Charlotte-Concord-Gastonia, NC-SC",2007,56.745160149063636,2007-01-01
"San Antonio-New Braunfels, TX",2007,0.0,2007-01-01
"Dallas-Fort Worth-Arlington, TX",2007,52.077190509563536,2007-01-01
"Grand Rapids-Wyoming, MI",2007,51.65479383324211,2007-01-01
"Tampa-St. Petersburg-Clearwater, FL",2007,46.519885688270925,2007-01-01
"Atlanta-Sandy Springs-Roswell, GA",2007,60.788780300150016,2007-01-01
"Seattle-Tacoma-Bellevue, WA",2007,39.34215199781315,2007-01-01
"Salt Lake City, UT",2007,47.64768757799963,2007-01-01
"Oklahoma City, OK",2007,50.74598440142428,2007-01-01
"Columbus, OH",2007,57.88985360733127,2007-01-01
"Portland-Vancouver-Hillsboro, OR-WA",2007,36.892683531245396,2007-01-01
"Louisville/Jefferson County, KY-IN",2007,60.93826019914808,2007-01-01
"Kansas City, MO-KS",2007,50.85589608213858,2007-01-01
"Minneapolis-St. Paul-Bloomington, MN-WI",2007,44.61207468879612,2007-01-01
"Tulsa, OK",2007,53.55840391207905,2007-01-01
"Richmond, VA",2007,53.19282117790662,2007-01-01
"Washington-Arlington-Alexandria, DC-VA-MD-WV",2007,54.735026162402804,2007-01-01
"Riverside-San Bernardino-Ontario, CA",2007,59.00958622709796,2007-01-01
"Miami-Fort Lauderdale-West Palm Beach, FL",2007,38.18671143583034,2007-01-01
"Cincinnati, OH-KY-IN",2007,60.28688120195556,2007-01-01
"Boston-Cambridge-Newton, MA-NH",2007,45.103263069685966,2007-01-01
"Tucson, AZ",2007,30.929292929292927,2007-01-01
"Providence-Warwick, RI-MA",2007,44.11086644476382,2007-01-01
"Philadelphia-Camden-Wilmington, PA-NJ-DE-MD",2007,54.868873145372156,2007-01-01
"San Jose-Sunnyvale-Santa Clara, CA",2007,40.14370712472317,2007-01-01
"Pittsburgh, PA",2007,59.58551497276076,2007-01-01
"Baltimore-Columbia-Towson, MD",2007,56.180278168003895,2007-01-01
"Urban Honolulu, HI",2007,21.912939709043073,2007-01-01
"Detroit-Warren-Dearborn, MI",2007,54.48586508690075,2007-01-01
"St. Louis, MO-IL",2007,58.45273522419474,2007-01-01
"Memphis, TN-MS-AR",2007,54.29394938199923,2007-01-01
"Los Angeles-Long Beach-Anaheim, CA",2007,57.97420844298825,2007-01-01
"New York-Newark-Jersey City, NY-NJ-PA",2007,53.59440956167907,2007-01-01
"Chicago-Naperville-Elgin, IL-IN-WI",2007,57.362743631060546,2007-01-01
"Rochester, NY",2007,43.36134453781513,2007-01-01
"Hartford-West Hartford-East Hartford, CT",2007,44.478753541076486,2007-01-01
"Fresno, CA",2008,63.50050921388905,2008-01-01
"Orlando-Kissimmee-Sanford, FL",2008,39.444137056883385,2008-01-01
"Raleigh, NC",2008,50.56454849498328,2008-01-01
"Jacksonville, FL",2008,43.974132935695465,2008-01-01
"Nashville-Davidson--Murfreesboro--Franklin, TN",2008,0.0,2008-01-01
"Charlotte-Concord-Gastonia, NC-SC",2008,54.76092334460806,2008-01-01
"San Antonio-New Braunfels, TX",2008,43.18311138014528,2008-01-01
"Dallas-Fort Worth-Arlington, TX",2008,49.689446118092256,2008-01-01
"Grand Rapids-Wyoming, MI",2008,47.892309280439655,2008-01-01
"Tampa-St. Petersburg-Clearwater, FL",2008,42.30920150180039,2008-01-01
"Atlanta-Sandy Springs-Roswell, GA",2008,54.21935503749514,2008-01-01
"Seattle-Tacoma-Bellevue, WA",2008,39.40030367185814,2008-01-01
"Salt Lake City, UT",2008,43.541771483070725,2008-01-01
"Oklahoma City, OK",2008,48.98770619358855,2008-01-01
"Columbus, OH",2008,53.072319385420066,2008-01-01
"Portland-Vancouver-Hillsboro, OR-WA",2008,39.57400096223782,2008-01-01
"Louisville/Jefferson County, KY-IN",2008,56.02309661649405,2008-01-01
"Kansas City, MO-KS",2008,49.0532563256633,2008-01-01
"Minneapolis-St. Paul-Bloomington, MN-WI",2008,45.46325663169603,2008-01-01
"Tulsa, OK",2008,51.97219101123596,2008-01-01
"Richmond, VA",2008,49.19930442656451,2008-01-01
"Washington-Arlington-Alexandria, DC-VA-MD-WV",2008,51.910036215147976,2008-01-01
"Riverside-San Bernardino-Ontario, CA",2008,52.756329296283354,2008-01-01
"Miami-Fort Lauderdale-West Palm Beach, FL",2008,36.094528267240854,2008-01-01
"Cincinnati, OH-KY-IN",2008,56.333504518060735,2008-01-01
"Boston-Cambridge-Newton, MA-NH",2008,45.95553440539672,2008-01-01
"Tucson, AZ",2008,30.173874926943306,2008-01-01
"Providence-Warwick, RI-MA",2008,44.0916614915513,2008-01-01
"Philadelphia-Camden-Wilmington, PA-NJ-DE-MD",2008,53.759418720246956,2008-01-01
"San Jose-Sunnyvale-Santa Clara, CA",2008,43.19380165289257,2008-01-01
"Pittsburgh, PA",2008,55.715228197175136,2008-01-01
"Baltimore-Columbia-Towson, MD",2008,54.01669777503718,2008-01-01
"Urban Honolulu, HI",2008,26.357724019638276,2008-01-01
"Detroit-Warren-Dearborn, MI",2008,50.023949764677404,2008-01-01
"St. Louis, MO-IL",2008,54.09982885631951,2008-01-01
"Memphis, TN-MS-AR",2008,52.53466240622395,2008-01-01
"Los Angeles-Long Beach-Anaheim, CA",2008,55.071509028642126,2008-01-01
"New York-Newark-Jersey City, NY-NJ-PA",2008,51.79666320297997,2008-01-01
"Chicago-Naperville-Elgin, IL-IN-WI",2008,50.78645715843013,2008-01-01
"Rochester, NY",2008,42.54782608695652,2008-01-01
"Hartford-West Hartford-East Hartford, CT",2008,46.87008017492711,2008-01-01
"Fresno, CA",2009,56.55452288886594,2009-01-01
"Orlando-Kissimmee-Sanford, FL",2009,37.71400591405909,2009-01-01
"Raleigh, NC",2009,44.17451002620495,2009-01-01
"Jacksonville, FL",2009,40.558651346661165,2009-01-01
"Nashville-Davidson--Murfreesboro--Franklin, TN",2009,0.0,2009-01-01
"Charlotte-Concord-Gastonia, NC-SC",2009,48.452518560312946,2009-01-01
"San Antonio-New Braunfels, TX",2009,44.84041394335512,2009-01-01
"Dallas-Fort Worth-Arlington, TX",2009,46.353624240685896,2009-01-01
"Grand Rapids-Wyoming, MI",2009,45.24466928730633,2009-01-01
"Tampa-St. Petersburg-Clearwater, FL",2009,39.98062650269772,2009-01-01
"Atlanta-Sandy Springs-Roswell, GA",2009,51.01567744447631,2009-01-01
"Seattle-Tacoma-Bellevue, WA",2009,40.46003036069458,2009-01-01
"Salt Lake City, UT",2009,42.11675669599562,2009-01-01
"Oklahoma City, OK",2009,44.711389128559105,2009-01-01
"Columbus, OH",2009,50.43701060561008,2009-01-01
"Portland-Vancouver-Hillsboro, OR-WA",2009,38.92211014938542,2009-01-01
"Louisville/Jefferson County, KY-IN",2009,53.083512395561314,2009-01-01
"Kansas City, MO-KS",2009,46.371709857039484,2009-01-01
"Minneapolis-St. Paul-Bloomington, MN-WI",2009,42.96636141372718,2009-01-01
"Tulsa, OK",2009,49.36374872038151,2009-01-01
"Richmond, VA",2009,44.24206285256164,2009-01-01
"Washington-Arlington-Alexandria, DC-VA-MD-WV",2009,46.18844966755793,2009-01-01
"Riverside-San Bernardino-Ontario, CA",2009,51.17745440815471,2009-01-01
"Miami-Fort Lauderdale-West Palm Beach, FL",2009,33.736768516611036,2009-01-01
"Cincinnati, OH-KY-IN",2009,54.60176825416618,2009-01-01
"Boston-Cambridge-Newton, MA-NH",2009,41.835347220405765,2009-01-01
"Tucson, AZ",2009,29.35891873278237,2009-01-01
"Providence-Warwick, RI-MA",2009,39.34166703925957,2009-01-01
"Philadelphia-Camden-Wilmington, PA-NJ-DE-MD",2009,47.96422015473919,2009-01-01
"San Jose-Sunnyvale-Santa Clara, CA",2009,38.649916641383996,2009-01-01
"Pittsburgh, PA",2009,52.13518588074846,2009-01-01
"Baltimore-Columbia-Towson, MD",2009,48.42839902600268,2009-01-01
"Urban Honolulu, HI",2009,26.744444444444444,2009-01-01
"Detroit-Warren-Dearborn, MI",2009,46.03642355747264,2009-01-01
"St. Louis, MO-IL",2009,51.365479947100646,2009-01-01
"Memphis, TN-MS-AR",2009,47.42138342940482,2009-01-01
"Los Angeles-Long Beach-Anaheim, CA",2009,53.689528506190804,2009-01-01
"New York-Newark-Jersey City, NY-NJ-PA",2009,44.927129078319325,2009-01-01
"Chicago-Naperville-Elgin, IL-IN-WI",2009,49.27513361401234,2009-01-01
"Rochester, NY",2009,38.085470085470085,2009-01-01
"Hartford-West Hartford-East Hartford, CT",2009,40.86498756218906,2009-01-01
"Fresno, CA",2010,55.415311032191546,2010-01-01
"Orlando-Kissimmee-Sanford, FL",2010,39.963018742717374,2010-01-01
"Raleigh, NC",2010,47.67916564473992,2010-01-01
"Jacksonville, FL",2010,43.18030155925873,2010-01-01
"Nashville-Davidson--Murfreesboro--Franklin, TN",2010,0.0,2010-01-01
"Charlotte-Concord-Gastonia, NC-SC",2010,51.40600739624241,2010-01-01
"San Antonio-New Braunfels, TX",2010,43.66783216783217,2010-01-01
"Dallas-Fort Worth-Arlington, TX",2010,47.83294367059664,2010-01-01
"Grand Rapids-Wyoming, MI",2010,43.207971014492756,2010-01-01
"Tampa-St. Petersburg-Clearwater, FL",2010,43.303575275375735,2010-01-01
"Atlanta-Sandy Springs-Roswell, GA",2010,55.026908295002336,2010-01-01
"Seattle-Tacoma-Bellevue, WA",2010,32.56713251990291,2010-01-01
"Salt Lake City, UT",2010,37.93309424991452,2010-01-01
"Oklahoma City, OK",2010,44.87782848907038,2010-01-01
"Columbus, OH",2010,53.68154425612053,2010-01-01
"Portland-Vancouver-Hillsboro, OR-WA",2010,31.615244058339705,2010-01-01
"Louisville/Jefferson County, KY-IN",2010,56.841522708730544,2010-01-01
"Kansas City, MO-KS",2010,47.85712153772116,2010-01-01
"Minneapolis-St. Paul-Bloomington, MN-WI",2010,42.82837153615895,2010-01-01
"Tulsa, OK",2010,50.81581196581196,2010-01-01
"Richmond, VA",2010,46.39968386524511,2010-01-01
"Washington-Arlington-Alexandria, DC-VA-MD-WV",2010,47.5943068898335,2010-01-01
"Riverside-San Bernardino-Ontario, CA",2010,46.18825931723176,2010-01-01
"Miami-Fort Lauderdale-West Palm Beach, FL",2010,36.2436146374332,2010-01-01
"Cincinnati, OH-KY-IN",2010,56.2272486591796,2010-01-01
"Boston-Cambridge-Newton, MA-NH",2010,39.75219766157815,2010-01-01
"Tucson, AZ",2010,27.885149572649574,2010-01-01
"Providence-Warwick, RI-MA",2010,38.07522392527959,2010-01-01
"Philadelphia-Camden-Wilmington, PA-NJ-DE-MD",2010,45.748217644646886,2010-01-01
"San Jose-Sunnyvale-Santa Clara, CA",2010,44.15533980582524,2010-01-01
"Pittsburgh, PA",2010,53.40877928806534,2010-01-01
"Baltimore-Columbia-Towson, MD",2010,47.84478220315001,2010-01-01
"Urban Honolulu, HI",2010,19.74074074074074,2010-01-01
"Detroit-Warren-Dearborn, MI",2010,43.947818760612044,2010-01-01
"St. Louis, MO-IL",2010,55.15925685402803,2010-01-01
"Memphis, TN-MS-AR",2010,50.83177966101695,2010-01-01
"Los Angeles-Long Beach-Anaheim, CA",2010,48.53894536647505,2010-01-01
"New York-Newark-Jersey City, NY-NJ-PA",2010,43.53320665209237,2010-01-01
"Chicago-Naperville-Elgin, IL-IN-WI",2010,51.518535571262646,2010-01-01
"Rochester, NY",2010,39.32432432432432,2010-01-01
"Hartford-West Hartford-East Hartford, CT",2010,38.40804175242576,2010-01-01
"Fresno, CA",2011,58.9575807334428,2011-01-01
"Orlando-Kissimmee-Sanford, FL",2011,0.0,2011-01-01
"Raleigh, NC",2011,45.24327187540149,2011-01-01
"Jacksonville, FL",2011,0.0,2011-01-01
"Nashville-Davidson--Murfreesboro--Franklin, TN",2011,0.0,2011-01-01
"Charlotte-Concord-Gastonia, NC-SC",2011,48.37124629960748,2011-01-01
"San Antonio-New Braunfels, TX",2011,44.7705686630369,2011-01-01
"Dallas-Fort Worth-Arlington, TX",2011,49.860524943388455,2011-01-01
"Grand Rapids-Wyoming, MI",2011,43.167752948479205,2011-01-01
"Tampa-St. Petersburg-Clearwater, FL",2011,0.0,2011-01-01
"Atlanta-Sandy Springs-Roswell, GA",2011,52.44851298089711,2011-01-01
"Seattle-Tacoma-Bellevue, WA",2011,33.715500109552565,2011-01-01
"Salt Lake City, UT",2011,34.919961686959816,2011-01-01
"Oklahoma City, OK",2011,46.806510244547255,2011-01-01
"Columbus, OH",2011,50.854804093170564,2011-01-01
"Portland-Vancouver-Hillsboro, OR-WA",2011,37.325160875160876,2011-01-01
"Louisville/Jefferson County, KY-IN",2011,52.069857190432565,2011-01-01
"Kansas City, MO-KS",2011,46.853208965217924,2011-01-01
"Minneapolis-St. Paul-Bloomington, MN-WI",2011,41.475319733495716,2011-01-01
"Tulsa, OK",2011,50.37640449438202,2011-01-01
"Richmond, VA",2011,44.159186235605354,2011-01-01
"Washington-Arlington-Alexandria, DC-VA-MD-WV",2011,45.646975511160065,2011-01-01
"Riverside-San Bernardino-Ontario, CA",2011,46.114774755046916,2011-01-01
"Miami-Fort Lauderdale-West Palm Beach, FL",2011,0.0,2011-01-01
"Cincinnati, OH-KY-IN",2011,52.62189493628392,2011-01-01
"Boston-Cambridge-Newton, MA-NH",2011,40.03653982981218,2011-01-01
"Tucson, AZ",2011,30.302089421391003,2011-01-01
"Providence-Warwick, RI-MA",2011,40.893115144966124,2011-01-01
"Philadelphia-Camden-Wilmington, PA-NJ-DE-MD",2011,46.59861448834174,2011-01-01
"San Jose-Sunnyvale-Santa Clara, CA",2011,47.71610169491525,2011-01-01
"Pittsburgh, PA",2011,50.090262678481594,2011-01-01
"Baltimore-Columbia-Towson, MD",2011,47.295553399246536,2011-01-01
"Urban Honolulu, HI",2011,18.721739130434784,2011-01-01
"Detroit-Warren-Dearborn, MI",2011,44.440857569797956,2011-01-01
"St. Louis, MO-IL",2011,53.191957268409226,2011-01-01
"Memphis, TN-MS-AR",2011,49.98768115942029,2011-01-01
"Los Angeles-Long Beach-Anaheim, CA",2011,49.902546340818894,2011-01-01
"New York-Newark-Jersey City, NY-NJ-PA",2011,46.03285353030494,2011-01-01
"Chicago-Naperville-Elgin, IL-IN-WI",2011,50.42984696664535,2011-01-01
"Rochester, NY",2011,42.02197802197802,2011-01-01
"Hartford-West Hartford-East Hartford, CT",2011,42.847393986767536,2011-01-01
"Fresno, CA",2012,70.43403959184168,2012-01-01
"Orlando-Kissimmee-Sanford, FL",2012,36.402782542405184,2012-01-01
"Raleigh, NC",2012,41.81513351682843,2012-01-01
"Jacksonville, FL",2012,38.21047593390804,2012-01-01
"Nashville-Davidson--Murfreesboro--Franklin, TN",2012,0.0,2012-01-01
"Charlotte-Concord-Gastonia, NC-SC",2012,45.277452734049405,2012-01-01
"San Antonio-New Braunfels, TX",2012,42.66666666666667,2012-01-01
"Dallas-Fort Worth-Arlington, TX",2012,48.95844021768774,2012-01-01
"Grand Rapids-Wyoming, MI",2012,43.695347643631315,2012-01-01
"Tampa-St. Petersburg-Clearwater, FL",2012,36.84142601871307,2012-01-01
"Atlanta-Sandy Springs-Roswell, GA",2012,48.74303300381309,2012-01-01
"Seattle-Tacoma-Bellevue, WA",2012,35.73826475608817,2012-01-01
"Salt Lake City, UT",2012,36.439303412777925,2012-01-01
"Oklahoma City, OK",2012,46.45814072932717,2012-01-01
"Columbus, OH",2012,49.30273532392176,2012-01-01
"Portland-Vancouver-Hillsboro, OR-WA",2012,35.25192784220438,2012-01-01
"Louisville/Jefferson County, KY-IN",2012,49.43430632415568,2012-01-01
"Kansas City, MO-KS",2012,44.371388695205944,2012-01-01
"Minneapolis-St. Paul-Bloomington, MN-WI",2012,43.00227446112869,2012-01-01
"Tulsa, OK",2012,46.69806763285024,2012-01-01
"Richmond, VA",2012,42.58940837780291,2012-01-01
"Washington-Arlington-Alexandria, DC-VA-MD-WV",2012,44.31691946740308,2012-01-01
"Riverside-San Bernardino-Ontario, CA",2012,46.72525966812079,2012-01-01
"Miami-Fort Lauderdale-West Palm Beach, FL",2012,36.42567281547644,2012-01-01
"Cincinnati, OH-KY-IN",2012,51.371127727385236,2012-01-01
"Boston-Cambridge-Newton, MA-NH",2012,40.10160802662059,2012-01-01
"Tucson, AZ",2012,30.9297520661157,2012-01-01
"Providence-Warwick, RI-MA",2012,38.90730008070204,2012-01-01
"Philadelphia-Camden-Wilmington, PA-NJ-DE-MD",2012,45.41531113326134,2012-01-01
"San Jose-Sunnyvale-Santa Clara, CA",2012,43.53107344632768,2012-01-01
"Pittsburgh, PA",2012,48.569180700538645,2012-01-01
"Baltimore-Columbia-Towson, MD",2012,46.06755035917618,2012-01-01
"Urban Honolulu, HI",2012,20.75438596491228,2012-01-01
"Detroit-Warren-Dearborn, MI",2012,46.000165360202715,2012-01-01
"St. Louis, MO-IL",2012,48.58495145631068,2012-01-01
"Memphis, TN-MS-AR",2012,47.622950819672134,2012-01-01
"Los Angeles-Long Beach-Anaheim, CA",2012,48.38830579924795,2012-01-01
"New York-Newark-Jersey City, NY-NJ-PA",2012,44.66427372327553,2012-01-01
"Chicago-Naperville-Elgin, IL-IN-WI",2012,48.98831075905262,2012-01-01
"Rochester, NY",2012,42.50485436893204,2012-01-01
"Hartford-West Hartford-East Hartford, CT",2012,38.86887404534464,2012-01-01
"Fresno, CA",2013,61.41495713189838,2013-01-01
"Orlando-Kissimmee-Sanford, FL",2013,32.53358828561365,2013-01-01
"Raleigh, NC",2013,40.46231763251467,2013-01-01
"Jacksonville, FL",2013,34.95946119062098,2013-01-01
"Nashville-Davidson--Murfreesboro--Franklin, TN",2013,44.58821652761404,2013-01-01
"Charlotte-Concord-Gastonia, NC-SC",2013,43.77801375827238,2013-01-01
"San Antonio-New Braunfels, TX",2013,39.510558488469016,2013-01-01
"Dallas-Fort Worth-Arlington, TX",2013,46.38958648751678,2013-01-01
"Grand Rapids-Wyoming, MI",2013,40.98821759918939,2013-01-01
"Tampa-St. Petersburg-Clearwater, FL",2013,34.171064178074985,2013-01-01
"Atlanta-Sandy Springs-Roswell, GA",2013,45.828205392854024,2013-01-01
"Seattle-Tacoma-Bellevue, WA",2013,33.348454599231,2013-01-01
"Salt Lake City, UT",2013,43.327249727314666,2013-01-01
"Oklahoma City, OK",2013,43.891956397834136,2013-01-01
"Columbus, OH",2013,47.399804616061296,2013-01-01
"Portland-Vancouver-Hillsboro, OR-WA",2013,42.89311391223156,2013-01-01
"Louisville/Jefferson County, KY-IN",2013,48.82851846453178,2013-01-01
"Kansas City, MO-KS",2013,42.750521198503755,2013-01-01
"Minneapolis-St. Paul-Bloomington, MN-WI",2013,42.366957703537224,2013-01-01
"Tulsa, OK",2013,44.46135265700483,2013-01-01
"Richmond, VA",2013,40.526093548716986,2013-01-01
"Washington-Arlington-Alexandria, DC-VA-MD-WV",2013,42.20474727071704,2013-01-01
"Riverside-San Bernardino-Ontario, CA",2013,46.87867194466978,2013-01-01
"Miami-Fort Lauderdale-West Palm Beach, FL",2013,32.995322779468886,2013-01-01
"Cincinnati, OH-KY-IN",2013,50.187294429917095,2013-01-01
"Boston-Cambridge-Newton, MA-NH",2013,36.83564586389229,2013-01-01
"Tucson, AZ",2013,27.858860587996205,2013-01-01
"Providence-Warwick, RI-MA",2013,37.08900063756137,2013-01-01
"Philadelphia-Camden-Wilmington, PA-NJ-DE-MD",2013,44.767048157085576,2013-01-01
"San Jose-Sunnyvale-Santa Clara, CA",2013,46.824,2013-01-01
"Pittsburgh, PA",2013,46.5960114774131,2013-01-01
"Baltimore-Columbia-Towson, MD",2013,43.45832167335223,2013-01-01
"Urban Honolulu, HI",2013,19.921739130434784,2013-01-01
"Detroit-Warren-Dearborn, MI",2013,43.16247962747936,2013-01-01
"St. Louis, MO-IL",2013,50.0632603406326,2013-01-01
"Memphis, TN-MS-AR",2013,45.3991137438582,2013-01-01
"Los Angeles-Long Beach-Anaheim, CA",2013,50.61155805088861,2013-01-01
"New York-Newark-Jersey City, NY-NJ-PA",2013,42.372420011561026,2013-01-01
"Chicago-Naperville-Elgin, IL-IN-WI",2013,48.564875882373805,2013-01-01
"Rochester, NY",2013,36.17094017094017,2013-01-01
"Hartford-West Hartford-East Hartford, CT",2013,38.522847462283366,2013-01-01
"Fresno, CA",2014,55.02868572266946,2014-01-01
"Orlando-Kissimmee-Sanford, FL",2014,34.18393540787278,2014-01-01
"Raleigh, NC",2014,42.75065031586771,2014-01-01
"Jacksonville, FL",2014,38.840961157192716,2014-01-01
"Nashville-Davidson--Murfreesboro--Franklin, TN",2014,46.195829440763376,2014-01-01
"Charlotte-Concord-Gastonia, NC-SC",2014,44.2188478622688,2014-01-01
"San Antonio-New Braunfels, TX",2014,43.166666666666664,2014-01-01
"Dallas-Fort Worth-Arlington, TX",2014,47.371336173180524,2014-01-01
"Grand Rapids-Wyoming, MI",2014,45.033415542337636,2014-01-01
"Tampa-St. Petersburg-Clearwater, FL",2014,35.06911579463508,2014-01-01
"Atlanta-Sandy Springs-Roswell, GA",2014,48.163173013282204,2014-01-01
"Seattle-Tacoma-Bellevue, WA",2014,31.628110686121737,2014-01-01
"Salt Lake City, UT",2014,32.17734452511074,2014-01-01
"Oklahoma City, OK",2014,43.1536231884058,2014-01-01
"Columbus, OH",2014,46.859914990847194,2014-01-01
"Portland-Vancouver-Hillsboro, OR-WA",2014,33.15833333333333,2014-01-01
"Louisville/Jefferson County, KY-IN",2014,50.162577580168545,2014-01-01
"Kansas City, MO-KS",2014,44.91891346012089,2014-01-01
"Minneapolis-St. Paul-Bloomington, MN-WI",2014,41.43882296279993,2014-01-01
"Tulsa, OK",2014,43.622950819672134,2014-01-01
"Richmond, VA",2014,41.625130309104826,2014-01-01
"Washington-Arlington-Alexandria, DC-VA-MD-WV",2014,42.76821517699044,2014-01-01
"Riverside-San Bernardino-Ontario, CA",2014,47.97189754424876,2014-01-01
"Miami-Fort Lauderdale-West Palm Beach, FL",2014,33.02856187796743,2014-01-01
"Cincinnati, OH-KY-IN",2014,50.463268953208924,2014-01-01
"Boston-Cambridge-Newton, MA-NH",2014,31.199469372947977,2014-01-01
"Tucson, AZ",2014,32.787178352871784,2014-01-01
"Providence-Warwick, RI-MA",2014,33.05252557979996,2014-01-01
"Philadelphia-Camden-Wilmington, PA-NJ-DE-MD",2014,45.039646322182946,2014-01-01
"San Jose-Sunnyvale-Santa Clara, CA",2014,44.563025210084035,2014-01-01
"Pittsburgh, PA",2014,46.95574946542863,2014-01-01
"Baltimore-Columbia-Towson, MD",2014,43.787058916287776,2014-01-01
"Urban Honolulu, HI",2014,0.0,2014-01-01
"Detroit-Warren-Dearborn, MI",2014,45.802064865359874,2014-01-01
"St. Louis, MO-IL",2014,50.63772435114593,2014-01-01
"Memphis, TN-MS-AR",2014,44.20278597989495,2014-01-01
"Los Angeles-Long Beach-Anaheim, CA",2014,54.21091319493917,2014-01-01
"New York-Newark-Jersey City, NY-NJ-PA",2014,43.150256112480356,2014-01-01
"Chicago-Naperville-Elgin, IL-IN-WI",2014,47.81036814215138,2014-01-01
"Rochester, NY",2014,37.016666666666666,2014-01-01
"Hartford-West Hartford-East Hartford, CT",2014,38.18572436950029,2014-01-01
"Fresno, CA",2015,55.22812746627227,2015-01-01
"Orlando-Kissimmee-Sanford, FL",2015,31.98992358337437,2015-01-01
"Raleigh, NC",2015,38.52783552783553,2015-01-01
"Jacksonville, FL",2015,37.6363290454759,2015-01-01
"Nashville-Davidson--Murfreesboro--Franklin, TN",2015,42.56711212500206,2015-01-01
"Charlotte-Concord-Gastonia, NC-SC",2015,41.78405025383973,2015-01-01
"San Antonio-New Braunfels, TX",2015,41.49258923169994,2015-01-01
"Dallas-Fort Worth-Arlington, TX",2015,45.40191018210143,2015-01-01
"Grand Rapids-Wyoming, MI",2015,44.33422679416594,2015-01-01
"Tampa-St. Petersburg-Clearwater, FL",2015,36.5609792230214,2015-01-01
"Atlanta-Sandy Springs-Roswell, GA",2015,44.88731868079941,2015-01-01
"Seattle-Tacoma-Bellevue, WA",2015,33.336066475896985,2015-01-01
"Salt Lake City, UT",2015,38.58055956570587,2015-01-01
"Oklahoma City, OK",2015,40.40105244491732,2015-01-01
"Columbus, OH",2015,46.81619215138375,2015-01-01
"Portland-Vancouver-Hillsboro, OR-WA",2015,36.750596877869604,2015-01-01
"Louisville/Jefferson County, KY-IN",2015,45.69659706804511,2015-01-01
"Kansas City, MO-KS",2015,42.507790175682125,2015-01-01
"Minneapolis-St. Paul-Bloomington, MN-WI",2015,36.33352148892017,2015-01-01
"Tulsa, OK",2015,41.110481586402265,2015-01-01
"Richmond, VA",2015,39.954882786812405,2015-01-01
"Washington-Arlington-Alexandria, DC-VA-MD-WV",2015,42.90166322857864,2015-01-01
"Riverside-San Bernardino-Ontario, CA",2015,47.79637503748897,2015-01-01
"Miami-Fort Lauderdale-West Palm Beach, FL",2015,31.69456860716709,2015-01-01
"Cincinnati, OH-KY-IN",2015,47.397648319540934,2015-01-01
"Boston-Cambridge-Newton, MA-NH",2015,32.05551150583351,2015-01-01
"Tucson, AZ",2015,28.1875,2015-01-01
"Providence-Warwick, RI-MA",2015,33.93161131640121,2015-01-01
"Philadelphia-Camden-Wilmington, PA-NJ-DE-MD",2015,43.67467428946145,2015-01-01
"San Jose-Sunnyvale-Santa Clara, CA",2015,48.1025641025641,2015-01-01
"Pittsburgh, PA",2015,46.28076812814168,2015-01-01
"Baltimore-Columbia-Towson, MD",2015,44.3066479590375,2015-01-01
"Urban Honolulu, HI",2015,0.0,2015-01-01
"Detroit-Warren-Dearborn, MI",2015,45.00438331802993,2015-01-01
"St. Louis, MO-IL",2015,47.55433929167009,2015-01-01
"Memphis, TN-MS-AR",2015,42.41480365860869,2015-01-01
"Los Angeles-Long Beach-Anaheim, CA",2015,48.06306403813839,2015-01-01
"New York-Newark-Jersey City, NY-NJ-PA",2015,42.682004618826845,2015-01-01
"Chicago-Naperville-Elgin, IL-IN-WI",2015,46.14548284659003,2015-01-01
"Rochester, NY",2015,38.87363885624755,2015-01-01
"Hartford-West Hartford-East Hartford, CT",2015,40.932065217391305,2015-01-01
"Fresno, CA",2016,51.8515873015873,2016-01-01
"Orlando-Kissimmee-Sanford, FL",2016,34.541522905884605,2016-01-01
"Raleigh, NC",2016,40.10010162601626,2016-01-01
"Jacksonville, FL",2016,38.54494995133293,2016-01-01
"Nashville-Davidson--Murfreesboro--Franklin, TN",2016,41.015912401018774,2016-01-01
"Charlotte-Concord-Gastonia, NC-SC",2016,43.76054827783641,2016-01-01
"San Antonio-New Braunfels, TX",2016,40.20407009609949,2016-01-01
"Dallas-Fort Worth-Arlington, TX",2016,41.8008456496647,2016-01-01
"Grand Rapids-Wyoming, MI",2016,41.02860422405877,2016-01-01
"Tampa-St. Petersburg-Clearwater, FL",2016,37.23241507754107,2016-01-01
"Atlanta-Sandy Springs-Roswell, GA",2016,44.904900513907045,2016-01-01
"Seattle-Tacoma-Bellevue, WA",2016,31.786820977510683,2016-01-01
"Salt Lake City, UT",2016,37.63067479948991,2016-01-01
"Oklahoma City, OK",2016,38.53669372837853,2016-01-01
"Columbus, OH",2016,42.08870079987329,2016-01-01
"Portland-Vancouver-Hillsboro, OR-WA",2016,30.927177618980895,2016-01-01
"Louisville/Jefferson County, KY-IN",2016,42.517389379763245,2016-01-01
"Kansas City, MO-KS",2016,39.97120214260625,2016-01-01
"Minneapolis-St. Paul-Bloomington, MN-WI",2016,33.050868648248304,2016-01-01
"Tulsa, OK",2016,39.575581395348834,2016-01-01
"Richmond, VA",2016,38.54992072983699,2016-01-01
"Washington-Arlington-Alexandria, DC-VA-MD-WV",2016,38.77504454030589,2016-01-01
"Riverside-San Bernardino-Ontario, CA",2016,44.988688226260194,2016-01-01
"Miami-Fort Lauderdale-West Palm Beach, FL",2016,35.38812229988959,2016-01-01
"Cincinnati, OH-KY-IN",2016,45.94877836252567,2016-01-01
"Boston-Cambridge-Newton, MA-NH",2016,30.612476028293997,2016-01-01
"Tucson, AZ",2016,33.16181102362205,2016-01-01
"Providence-Warwick, RI-MA",2016,31.19066968378246,2016-01-01
"Philadelphia-Camden-Wilmington, PA-NJ-DE-MD",2016,40.490268887612366,2016-01-01
"San Jose-Sunnyvale-Santa Clara, CA",2016,41.17894736842105,2016-01-01
"Pittsburgh, PA",2016,44.855678205555606,2016-01-01
"Baltimore-Columbia-Towson, MD",2016,40.85702264771467,2016-01-01
"Urban Honolulu, HI",2016,0.0,2016-01-01
"Detroit-Warren-Dearborn, MI",2016,41.98295901262716,2016-01-01
"St. Louis, MO-IL",2016,44.47123464312619,2016-01-01
"Memphis, TN-MS-AR",2016,40.49098588487353,2016-01-01
"Los Angeles-Long Beach-Anaheim, CA",2016,48.1467889855036,2016-01-01
"New York-Newark-Jersey City, NY-NJ-PA",2016,39.181180724259605,2016-01-01
"Chicago-Naperville-Elgin, IL-IN-WI",2016,42.426196557555734,2016-01-01
"Rochester, NY",2016,32.85325755263961,2016-01-01
"Hartford-West Hartford-East Hartford, CT",2016,35.535393818544364,2016-01-01
"Fresno, CA",2017,56.13684065486704,2017-01-01
"Orlando-Kissimmee-Sanford, FL",2017,34.166666666666664,2017-01-01
"Raleigh, NC",2017,39.98948087431694,2017-01-01
"Jacksonville, FL",2017,37.99252018115745,2017-01-01
"Nashville-Davidson--Murfreesboro--Franklin, TN",2017,40.221338289380164,2017-01-01
"Charlotte-Concord-Gastonia, NC-SC",2017,42.29993061750421,2017-01-01
"San Antonio-New Braunfels, TX",2017,42.33139343032848,2017-01-01
"Dallas-Fort Worth-Arlington, TX",2017,43.91645308099482,2017-01-01
"Grand Rapids-Wyoming, MI",2017,41.85430402930403,2017-01-01
"Tampa-St. Petersburg-Clearwater, FL",2017,39.82183829801346,2017-01-01
"Atlanta-Sandy Springs-Roswell, GA",2017,43.214217918075825,2017-01-01
"Seattle-Tacoma-Bellevue, WA",2017,33.58132457108998,2017-01-01
"Salt Lake City, UT",2017,37.59421735333039,2017-01-01
"Oklahoma City, OK",2017,38.541399953620754,2017-01-01
"Columbus, OH",2017,41.47258658169063,2017-01-01
"Portland-Vancouver-Hillsboro, OR-WA",2017,36.84214024592888,2017-01-01
"Louisville/Jefferson County, KY-IN",2017,41.433508727775006,2017-01-01
"Kansas City, MO-KS",2017,45.82971312599418,2017-01-01
"Minneapolis-St. Paul-Bloomington, MN-WI",2017,34.399529790958915,2017-01-01
"Tulsa, OK",2017,39.09659090909091,2017-01-01
"Richmond, VA",2017,38.51468641331346,2017-01-01
"Washington-Arlington-Alexandria, DC-VA-MD-WV",2017,38.139825438294146,2017-01-01
"Riverside-San Bernardino-Ontario, CA",2017,44.37506585551942,2017-01-01
"Miami-Fort Lauderdale-West Palm Beach, FL",2017,37.485162553526656,2017-01-01
"Cincinnati, OH-KY-IN",2017,43.54390211774973,2017-01-01
"Boston-Cambridge-Newton, MA-NH",2017,29.394419152415924,2017-01-01
"Tucson, AZ",2017,35.06203111975549,2017-01-01
"Providence-Warwick, RI-MA",2017,29.676134437135698,2017-01-01
"Philadelphia-Camden-Wilmington, PA-NJ-DE-MD",2017,39.413405083437745,2017-01-01
"San Jose-Sunnyvale-Santa Clara, CA",2017,45.83783783783784,2017-01-01
"Pittsburgh, PA",2017,46.723997006699996,2017-01-01
"Baltimore-Columbia-Towson, MD",2017,38.76017882311487,2017-01-01
"Urban Honolulu, HI",2017,0.0,2017-01-01
"Detroit-Warren-Dearborn, MI",2017,40.88055345366864,2017-01-01
"St. Louis, MO-IL",2017,44.33131247495877,2017-01-01
"Memphis, TN-MS-AR",2017,41.74777358511339,2017-01-01
"Los Angeles-Long Beach-Anaheim, CA",2017,50.333664719053424,2017-01-01
"New York-Newark-Jersey City, NY-NJ-PA",2017,38.69181198285972,2017-01-01
"Chicago-Naperville-Elgin, IL-IN-WI",2017,41.6080994428231,2017-01-01
"Rochester, NY",2017,34.727958980202246,2017-01-01
"Hartford-West Hartford-East Hartford, CT",2017,33.81668566543175,2017-01-01
"Fresno, CA",2018,60.80668549905838,2018-01-01
"Orlando-Kissimmee-Sanford, FL",2018,33.888888888888886,2018-01-01
"Raleigh, NC",2018,38.89344262295082,2018-01-01
"Jacksonville, FL",2018,37.381577192280425,2018-01-01
"Nashville-Davidson--Murfreesboro--Franklin, TN",2018,41.41101083055479,2018-01-01
"Charlotte-Concord-Gastonia, NC-SC",2018,39.98718164951931,2018-01-01
"San Antonio-New Braunfels, TX",2018,39.5461644695543,2018-01-01
"Dallas-Fort Worth-Arlington, TX",2018,43.237845896554205,2018-01-01
"Grand Rapids-Wyoming, MI",2018,40.226607550864976,2018-01-01
"Tampa-St. Petersburg-Clearwater, FL",2018,37.03854185287438,2018-01-01
"Atlanta-Sandy Springs-Roswell, GA",2018,41.56722350383341,2018-01-01
"Seattle-Tacoma-Bellevue, WA",2018,34.32745496410673,2018-01-01
"Salt Lake City, UT",2018,39.95396985579718,2018-01-01
"Oklahoma City, OK",2018,42.71310243108534,2018-01-01
"Columbus, OH",2018,43.03225251449991,2018-01-01
"Portland-Vancouver-Hillsboro, OR-WA",2018,36.20397674902625,2018-01-01
"Louisville/Jefferson County, KY-IN",2018,43.72735581950348,2018-01-01
"Kansas City, MO-KS",2018,45.21675020885547,2018-01-01
"Minneapolis-St. Paul-Bloomington, MN-WI",2018,38.80577331951825,2018-01-01
"Tulsa, OK",2018,40.729885057471265,2018-01-01
"Richmond, VA",2018,36.42029820753959,2018-01-01
"Washington-Arlington-Alexandria, DC-VA-MD-WV",2018,37.97203312214324,2018-01-01
"Riverside-San Bernardino-Ontario, CA",2018,46.887727570978875,2018-01-01
"Miami-Fort Lauderdale-West Palm Beach, FL",2018,35.59852600622457,2018-01-01
"Cincinnati, OH-KY-IN",2018,44.754969097158565,2018-01-01
"Boston-Cambridge-Newton, MA-NH",2018,28.135559814374428,2018-01-01
"Tucson, AZ",2018,32.233333333333334,2018-01-01
"Providence-Warwick, RI-MA",2018,29.190393360712406,2018-01-01
"Philadelphia-Camden-Wilmington, PA-NJ-DE-MD",2018,37.624583521555365,2018-01-01
"San Jose-Sunnyvale-Santa Clara, CA",2018,48.592,2018-01-01
"Pittsburgh, PA",2018,44.329551415493164,2018-01-01
"Baltimore-Columbia-Towson, MD",2018,37.50412372628313,2018-01-01
"Urban Honolulu, HI",2018,24.00952380952381,2018-01-01
"Detroit-Warren-Dearborn, MI",2018,42.244863836902475,2018-01-01
"St. Louis, MO-IL",2018,47.60850251609316,2018-01-01
"Memphis, TN-MS-AR",2018,42.16345906183021,2018-01-01
"Los Angeles-Long Beach-Anaheim, CA",2018,50.93295663388275,2018-01-01
"New York-Newark-Jersey City, NY-NJ-PA",2018,38.89964461328633,2018-01-01
"Chicago-Naperville-Elgin, IL-IN-WI",2018,45.24803878597772,2018-01-01
"Rochester, NY",2018,35.83402982628646,2018-01-01
"Hartford-West Hartford-East Hartford, CT",2018,33.89137134052388,2018-01-01
"Fresno, CA",2019,47.90526935411845,2019-01-01
"Orlando-Kissimmee-Sanford, FL",2019,30.9,2019-01-01
"Raleigh, NC",2019,40.53703703703704,2019-01-01
"Jacksonville, FL",2019,35.84899500340677,2019-01-01
"Nashville-Davidson--Murfreesboro--Franklin, TN",2019,40.25017414955939,2019-01-01
"Charlotte-Concord-Gastonia, NC-SC",2019,42.44251447477254,2019-01-01
"San Antonio-New Braunfels, TX",2019,41.774193548387096,2019-01-01
"Dallas-Fort Worth-Arlington, TX",2019,41.08970526746024,2019-01-01
"Grand Rapids-Wyoming, MI",2019,38.564554931836405,2019-01-01
"Tampa-St. Petersburg-Clearwater, FL",2019,36.24867724867725,2019-01-01
"Atlanta-Sandy Springs-Roswell, GA",2019,44.170673794835125,2019-01-01
"Seattle-Tacoma-Bellevue, WA",2019,35.805186232909,2019-01-01
"Salt Lake City, UT",2019,32.71780253787332,2019-01-01
"Oklahoma City, OK",2019,36.78932284724074,2019-01-01
"Columbus, OH",2019,43.65561436471446,2019-01-01
"Portland-Vancouver-Hillsboro, OR-WA",2019,34.30919724544497,2019-01-01
"Louisville/Jefferson County, KY-IN",2019,42.497175971111936,2019-01-01
"Kansas City, MO-KS",2019,42.32374309410697,2019-01-01
"Minneapolis-St. Paul-Bloomington, MN-WI",2019,36.28999412138428,2019-01-01
"Tulsa, OK",2019,36.44134078212291,2019-01-01
"Richmond, VA",2019,36.92105209389957,2019-01-01
"Washington-Arlington-Alexandria, DC-VA-MD-WV",2019,37.0565264365013,2019-01-01
"Riverside-San Bernardino-Ontario, CA",2019,41.75208748330393,2019-01-01
"Miami-Fort Lauderdale-West Palm Beach, FL",2019,33.7690565932802,2019-01-01
"Cincinnati, OH-KY-IN",2019,45.46103581347785,2019-01-01
"Boston-Cambridge-Newton, MA-NH",2019,26.74190114438582,2019-01-01
"Tucson, AZ",2019,27.57843137254902,2019-01-01
"Providence-Warwick, RI-MA",2019,29.317613636363635,2019-01-01
"Philadelphia-Camden-Wilmington, PA-NJ-DE-MD",2019,37.475345579264854,2019-01-01
"San Jose-Sunnyvale-Santa Clara, CA",2019,38.774193548387096,2019-01-01
"Pittsburgh, PA",2019,43.11861731109938,2019-01-01
"Baltimore-Columbia-Towson, MD",2019,39.59127540749399,2019-01-01
"Urban Honolulu, HI",2019,19.94392523364486,2019-01-01
"Detroit-Warren-Dearborn, MI",2019,40.57300246380978,2019-01-01
"St. Louis, MO-IL",2019,46.29656992148452,2019-01-01
"Memphis, TN-MS-AR",2019,41.58741706599996,2019-01-01
"Los Angeles-Long Beach-Anaheim, CA",2019,45.918921981272504,2019-01-01
"New York-Newark-Jersey City, NY-NJ-PA",2019,37.44886402076797,2019-01-01
"Chicago-Naperville-Elgin, IL-IN-WI",2019,43.272776724512575,2019-01-01
"Rochester, NY",2019,33.67166502785972,2019-01-01
"Hartford-West Hartford-East Hartford, CT",2019,29.81505483549352,2019-01-01
"Fresno, CA",2020,65.48512585812357,2020-01-01
"Orlando-Kissimmee-Sanford, FL",2020,31.032258064516128,2020-01-01
"Raleigh, NC",2020,31.29268292682927,2020-01-01
"Jacksonville, FL",2020,35.51111111111111,2020-01-01
"Nashville-Davidson--Murfreesboro--Franklin, TN",2020,43.647268135904504,2020-01-01
"Charlotte-Concord-Gastonia, NC-SC",2020,39.36637458926616,2020-01-01
"San Antonio-New Braunfels, TX",2020,41.903225806451616,2020-01-01
"Dallas-Fort Worth-Arlington, TX",2020,42.27586790694135,2020-01-01
"Grand Rapids-Wyoming, MI",2020,37.55384150030248,2020-01-01
"Tampa-St. Petersburg-Clearwater, FL",2020,39.65909090909091,2020-01-01
"Atlanta-Sandy Springs-Roswell, GA",2020,41.66139288780569,2020-01-01
"Seattle-Tacoma-Bellevue, WA",2020,34.41394927536232,2020-01-01
"Salt Lake City, UT",2020,37.08592120774793,2020-01-01
"Oklahoma City, OK",2020,36.4457088667615,2020-01-01
"Columbus, OH",2020,41.97570441254652,2020-01-01
"Portland-Vancouver-Hillsboro, OR-WA",2020,37.40396825396825,2020-01-01
"Louisville/Jefferson County, KY-IN",2020,41.436096659364736,2020-01-01
"Kansas City, MO-KS",2020,39.052937241786346,2020-01-01
"Minneapolis-St. Paul-Bloomington, MN-WI",2020,37.808005307118194,2020-01-01
"Tulsa, OK",2020,35.21111111111111,2020-01-01
"Richmond, VA",2020,32.05343816372573,2020-01-01
"Washington-Arlington-Alexandria, DC-VA-MD-WV",2020,31.953382740818903,2020-01-01
"Riverside-San Bernardino-Ontario, CA",2020,45.39691268926711,2020-01-01
"Miami-Fort Lauderdale-West Palm Beach, FL",2020,34.84095427618816,2020-01-01
"Cincinnati, OH-KY-IN",2020,43.027051459036514,2020-01-01
"Boston-Cambridge-Newton, MA-NH",2020,35.51533460385618,2020-01-01
"Tucson, AZ",2020,32.80165289256198,2020-01-01
"Providence-Warwick, RI-MA",2020,39.93863636363636,2020-01-01
"Philadelphia-Camden-Wilmington, PA-NJ-DE-MD",2020,37.118793171843805,2020-01-01
"San Jose-Sunnyvale-Santa Clara, CA",2020,48.235772357723576,2020-01-01
"Pittsburgh, PA",2020,39.45317164888008,2020-01-01
"Baltimore-Columbia-Towson, MD",2020,33.79006343822624,2020-01-01
"Urban Honolulu, HI",2020,19.818115942028985,2020-01-01
"Detroit-Warren-Dearborn, MI",2020,37.56909505940679,2020-01-01
"St. Louis, MO-IL",2020,45.97656277036927,2020-01-01
"Memphis, TN-MS-AR",2020,39.047051190228885,2020-01-01
"Los Angeles-Long Beach-Anaheim, CA",2020,53.079805394185264,2020-01-01
"New York-Newark-Jersey City, NY-NJ-PA",2020,37.65270721885691,2020-01-01
"Chicago-Naperville-Elgin, IL-IN-WI",2020,43.78707926653823,2020-01-01
"Rochester, NY",2020,30.76093951093951,2020-01-01
"Hartford-West Hartford-East Hartford, CT",2020,32.719298245614034,2020-01-01
"Fresno, CA",2021,62.922077922077925,2021-01-01
"Orlando-Kissimmee-Sanford, FL",2021,31.73076923076923,2021-01-01
"Raleigh, NC",2021,40.280701754385966,2021-01-01
"Jacksonville, FL",2021,34.76428571428571,2021-01-01
"Nashville-Davidson--Murfreesboro--Franklin, TN",2021,41.56330685203575,2021-01-01
"Charlotte-Concord-Gastonia, NC-SC",2021,42.891729982466394,2021-01-01
"San Antonio-New Braunfels, TX",2021,39.63333333333333,2021-01-01
"Dallas-Fort Worth-Arlington, TX",2021,43.94239987566258,2021-01-01
"Grand Rapids-Wyoming, MI",2021,38.305263157894736,2021-01-01
"Tampa-St. Petersburg-Clearwater, FL",2021,38.82142857142857,2021-01-01
"Atlanta-Sandy Springs-Roswell, GA",2021,44.38706127864231,2021-01-01
"Seattle-Tacoma-Bellevue, WA",2021,33.155236576289205,2021-01-01
"Salt Lake City, UT",2021,41.140406581524594,2021-01-01
"Oklahoma City, OK",2021,42.975742502177305,2021-01-01
"Columbus, OH",2021,44.300505970451326,2021-01-01
"Portland-Vancouver-Hillsboro, OR-WA",2021,32.67729660586804,2021-01-01
"Louisville/Jefferson County, KY-IN",2021,43.96794728592734,2021-01-01
"Kansas City, MO-KS",2021,45.69127298171114,2021-01-01
"Minneapolis-St. Paul-Bloomington, MN-WI",2021,41.172282898457226,2021-01-01
"Tulsa, OK",2021,38.878787878787875,2021-01-01
"Richmond, VA",2021,37.899685998899294,2021-01-01
"Washington-Arlington-Alexandria, DC-VA-MD-WV",2021,40.043225186861896,2021-01-01
"Riverside-San Bernardino-Ontario, CA",2021,45.605328170907235,2021-01-01
"Miami-Fort Lauderdale-West Palm Beach, FL",2021,36.790880189604444,2021-01-01
"Cincinnati, OH-KY-IN",2021,45.05255231826219,2021-01-01
"Boston-Cambridge-Newton, MA-NH",2021,40.59939482552558,2021-01-01
"Tucson, AZ",2021,33.13793103448276,2021-01-01
"Providence-Warwick, RI-MA",2021,44.74293228139382,2021-01-01
"Philadelphia-Camden-Wilmington, PA-NJ-DE-MD",2021,39.829444838198725,2021-01-01
"San Jose-Sunnyvale-Santa Clara, CA",2021,41.65573770491803,2021-01-01
"Pittsburgh, PA",2021,44.18306490885378,2021-01-01
"Baltimore-Columbia-Towson, MD",2021,39.09848484848485,2021-01-01
"Urban Honolulu, HI",2021,17.208333333333336,2021-01-01
"Detroit-Warren-Dearborn, MI",2021,42.44973502469969,2021-01-01
"St. Louis, MO-IL",2021,45.86104726664844,2021-01-01
"Memphis, TN-MS-AR",2021,40.54657261664997,2021-01-01
"Los Angeles-Long Beach-Anaheim, CA",2021,51.67448685536026,2021-01-01
"New York-Newark-Jersey City, NY-NJ-PA",2021,38.96538493740781,2021-01-01
"Chicago-Naperville-Elgin, IL-IN-WI",2021,45.135499376397085,2021-01-01
"Rochester, NY",2021,35.087001594896336,2021-01-01
"Hartford-West Hartford-East Hartford, CT",2021,35.18032786885246,2021-01-01
"Fresno, CA",2022,54.94,2022-01-01
"Orlando-Kissimmee-Sanford, FL",2022,36.5,2022-01-01
"Raleigh, NC",2022,36.95,2022-01-01
"Jacksonville, FL",2022,38.019867549668874,2022-01-01
"Nashville-Davidson--Murfreesboro--Franklin, TN",2022,40.636475409836066,2022-01-01
"Charlotte-Concord-Gastonia, NC-SC",2022,41.17413793103448,2022-01-01
"San Antonio-New Braunfels, TX",2022,42.193548387096776,2022-01-01
"Dallas-Fort Worth-Arlington, TX",2022,43.24037558685446,2022-01-01
"Grand Rapids-Wyoming, MI",2022,35.68421052631579,2022-01-01
"Tampa-St. Petersburg-Clearwater, FL",2022,38.7891156462585,2022-01-01
"Atlanta-Sandy Springs-Roswell, GA",2022,41.61649599776879,2022-01-01
"Seattle-Tacoma-Bellevue, WA",2022,32.75037854207225,2022-01-01
"Salt Lake City, UT",2022,36.99220144945618,2022-01-01
"Oklahoma City, OK",2022,38.65620600941702,2022-01-01
"Columbus, OH",2022,40.263205828779604,2022-01-01
"Portland-Vancouver-Hillsboro, OR-WA",2022,36.58701513053599,2022-01-01
"Louisville/Jefferson County, KY-IN",2022,41.795407572023706,2022-01-01
"Kansas City, MO-KS",2022,43.95500177908809,2022-01-01
"Minneapolis-St. Paul-Bloomington, MN-WI",2022,34.660546552528125,2022-01-01
"Tulsa, OK",2022,39.0,2022-01-01
"Richmond, VA",2022,33.299928508545506,2022-01-01
"Washington-Arlington-Alexandria, DC-VA-MD-WV",2022,35.51583835262857,2022-01-01
"Riverside-San Bernardino-Ontario, CA",2022,42.86836386964169,2022-01-01
"Miami-Fort Lauderdale-West Palm Beach, FL",2022,34.49347026071164,2022-01-01
"Cincinnati, OH-KY-IN",2022,42.15378678884297,2022-01-01
"Boston-Cambridge-Newton, MA-NH",2022,31.60317068548514,2022-01-01
"Tucson, AZ",2022,32.66386554621849,2022-01-01
"Providence-Warwick, RI-MA",2022,32.71369047619048,2022-01-01
"Philadelphia-Camden-Wilmington, PA-NJ-DE-MD",2022,35.62799772637853,2022-01-01
"San Jose-Sunnyvale-Santa Clara, CA",2022,44.641666666666666,2022-01-01
"Pittsburgh, PA",2022,40.386487518407435,2022-01-01
"Baltimore-Columbia-Towson, MD",2022,34.33944136126527,2022-01-01
"Urban Honolulu, HI",2022,21.4045197740113,2022-01-01
"Detroit-Warren-Dearborn, MI",2022,39.20791208652909,2022-01-01
"St. Louis, MO-IL",2022,45.320368960848135,2022-01-01
"Memphis, TN-MS-AR",2022,41.33609492133154,2022-01-01
"Los Angeles-Long Beach-Anaheim, CA",2022,49.67842413249696,2022-01-01
"New York-Newark-Jersey City, NY-NJ-PA",2022,36.00492876642486,2022-01-01
"Chicago-Naperville-Elgin, IL-IN-WI",2022,44.08901420707396,2022-01-01
"Rochester, NY",2022,30.8939639905549,2022-01-01
"Hartford-West Hartford-East Hartford, CT",2022,31.63157894736842,2022-01-01
"Fresno, CA",2023,49.52845528455285,2023-01-01
"Orlando-Kissimmee-Sanford, FL",2023,38.607142857142854,2023-01-01
"Raleigh, NC",2023,42.74311926605505,2023-01-01
"Jacksonville, FL",2023,0.0,2023-01-01
"Nashville-Davidson--Murfreesboro--Franklin, TN",2023,45.655523944997626,2023-01-01
"Charlotte-Concord-Gastonia, NC-SC",2023,45.967056650246306,2023-01-01
"San Antonio-New Braunfels, TX",2023,38.44444444444444,2023-01-01
"Dallas-Fort Worth-Arlington, TX",2023,44.15277777777778,2023-01-01
"Grand Rapids-Wyoming, MI",2023,41.36538461538461,2023-01-01
"Tampa-St. Petersburg-Clearwater, FL",2023,40.86131386861314,2023-01-01
"Atlanta-Sandy Springs-Roswell, GA",2023,47.21078022299425,2023-01-01
"Seattle-Tacoma-Bellevue, WA",2023,29.12695434646654,2023-01-01
"Salt Lake City, UT",2023,33.759915404364875,2023-01-01
"Oklahoma City, OK",2023,41.2650440382078,2023-01-01
"Columbus, OH",2023,44.80832986457986,2023-01-01
"Portland-Vancouver-Hillsboro, OR-WA",2023,30.75688509021842,2023-01-01
"Louisville/Jefferson County, KY-IN",2023,45.17355371900826,2023-01-01
"Kansas City, MO-KS",2023,47.9147210430564,2023-01-01
"Minneapolis-St. Paul-Bloomington, MN-WI",2023,43.331048453699246,2023-01-01
"Tulsa, OK",2023,42.58720930232558,2023-01-01
"Richmond, VA",2023,39.994643487597536,2023-01-01
"Washington-Arlington-Alexandria, DC-VA-MD-WV",2023,38.285050371143875,2023-01-01
"Riverside-San Bernardino-Ontario, CA",2023,42.563150854150386,2023-01-01
"Miami-Fort Lauderdale-West Palm Beach, FL",2023,37.81536796536797,2023-01-01
"Cincinnati, OH-KY-IN",2023,46.26052763925,2023-01-01
"Boston-Cambridge-Newton, MA-NH",2023,37.192750727229054,2023-01-01
"Tucson, AZ",2023,28.641025641025642,2023-01-01
"Providence-Warwick, RI-MA",2023,37.0727867993714,2023-01-01
"Philadelphia-Camden-Wilmington, PA-NJ-DE-MD",2023,41.82232061585908,2023-01-01
"San Jose-Sunnyvale-Santa Clara, CA",2023,38.162393162393165,2023-01-01
"Pittsburgh, PA",2023,44.10049116365219,2023-01-01
"Baltimore-Columbia-Towson, MD",2023,44.00551276573211,2023-01-01
"Urban Honolulu, HI",2023,19.26492117117117,2023-01-01
"Detroit-Warren-Dearborn, MI",2023,44.791149829545915,2023-01-01
"St. Louis, MO-IL",2023,46.761845132027084,2023-01-01
"Memphis, TN-MS-AR",2023,44.6099030629398,2023-01-01
"Los Angeles-Long Beach-Anaheim, CA",2023,47.73766262294578,2023-01-01
"New York-Newark-Jersey City, NY-NJ-PA",2023,41.138967320850966,2023-01-01
"Chicago-Naperville-Elgin, IL-IN-WI",2023,47.18499987849727,2023-01-01
"Rochester, NY",2023,38.23601694915254,2023-01-01
"Hartford-West Hartford-East Hartford, CT",2023,36.7,2023-01-01
"Fresno, CA",2024,42.59036144578313,2024-01-01
"Orlando-Kissimmee-Sanford, FL",2024,36.46666666666667,2024-01-01
"Raleigh, NC",2024,36.71186440677966,2024-01-01
"Jacksonville, FL",2024,0.0,2024-01-01
"Nashville-Davidson--Murfreesboro--Franklin, TN",2024,37.12267904509284,2024-01-01
"Charlotte-Concord-Gastonia, NC-SC",2024,36.855555555555554,2024-01-01
"San Antonio-New Braunfels, TX",2024,53.44444444444444,2024-01-01
"Dallas-Fort Worth-Arlington, TX",2024,43.94117647058823,2024-01-01
"Grand Rapids-Wyoming, MI",2024,29.82608695652174,2024-01-01
"Tampa-St. Petersburg-Clearwater, FL",2024,40.114754098360656,2024-01-01
"Atlanta-Sandy Springs-Roswell, GA",2024,40.70707182082216,2024-01-01
"Seattle-Tacoma-Bellevue, WA",2024,29.004395604395604,2024-01-01
"Salt Lake City, UT",2024,31.84528990904347,2024-01-01
"Oklahoma City, OK",2024,38.98216345889721,2024-01-01
"Columbus, OH",2024,38.24446553780281,2024-01-01
"Portland-Vancouver-Hillsboro, OR-WA",2024,23.263157894736842,2024-01-01
"Louisville/Jefferson County, KY-IN",2024,39.85277777777778,2024-01-01
"Kansas City, MO-KS",2024,40.10112359550562,2024-01-01
"Minneapolis-St. Paul-Bloomington, MN-WI",2024,31.473694843168527,2024-01-01
"Tulsa, OK",2024,39.81521739130435,2024-01-01
"Richmond, VA",2024,34.61744918299639,2024-01-01
"Washington-Arlington-Alexandria, DC-VA-MD-WV",2024,32.813552526763004,2024-01-01
"Riverside-San Bernardino-Ontario, CA",2024,42.40452055225209,2024-01-01
"Miami-Fort Lauderdale-West Palm Beach, FL",2024,39.89905838041431,2024-01-01
"Cincinnati, OH-KY-IN",2024,41.88925899831949,2024-01-01
"Boston-Cambridge-Newton, MA-NH",2024,31.168128020556804,2024-01-01
"Tucson, AZ",2024,29.988235294117647,2024-01-01
"Providence-Warwick, RI-MA",2024,28.126572327044023,2024-01-01
"Philadelphia-Camden-Wilmington, PA-NJ-DE-MD",2024,34.20842242305103,2024-01-01
"San Jose-Sunnyvale-Santa Clara, CA",2024,0.0,2024-01-01
"Pittsburgh, PA",2024,36.34298409134345,2024-01-01
"Baltimore-Columbia-Towson, MD",2024,34.08633879781421,2024-01-01
"Urban Honolulu, HI",2024,19.49107142857143,2024-01-01
"Detroit-Warren-Dearborn, MI",2024,38.160211317343276,2024-01-01
"St. Louis, MO-IL",2024,40.93917523527089,2024-01-01
"Memphis, TN-MS-AR",2024,41.9972353586484,2024-01-01
"Los Angeles-Long Beach-Anaheim, CA",2024,44.71816423556585,2024-01-01
"New York-Newark-Jersey City, NY-NJ-PA",2024,32.578617183305134,2024-01-01
"Chicago-Naperville-Elgin, IL-IN-WI",2024,38.336416208527254,2024-01-01
"Rochester, NY",2024,29.625,2024-01-01
"Hartford-West Hartford-East Hartford, CT",2024,28.193548387096776,2024-01-01
